{
  "multitask": {
    "fixed_threshold_0.25": {
      "threshold": 0.25,
      "f1": 0.8235294117647058,
      "prec": 0.7777777777777778,
      "rec": 0.875,
      "auc": 0.8850160256410257,
      "n_pos": 54,
      "n_total": 100
    },
    "best_threshold": {
      "threshold": 0.1,
      "f1": 0.8301886792452831,
      "prec": 0.7586206896551724,
      "rec": 0.9166666666666666,
      "auc": 0.8850160256410257,
      "n_pos": 58,
      "n_total": 100
    }
  },
  "distilled_v2_baseline": {
    "fixed_threshold_0.25": {
      "threshold": 0.25,
      "f1": 0.8076923076923077,
      "prec": 0.75,
      "rec": 0.875,
      "auc": 0.8221153846153846,
      "n_pos": 56,
      "n_total": 100
    },
    "best_threshold": {
      "threshold": 0.24000000000000005,
      "f1": 0.8076923076923077,
      "prec": 0.75,
      "rec": 0.875,
      "auc": 0.8221153846153846,
      "n_pos": 56,
      "n_total": 100
    }
  },
  "delta_f1_vs_baseline": 0.022496371552975347
}