{
  "multitask": {
    "fixed_threshold_0.25": {
      "threshold": 0.25,
      "f1": 0.7058823529411765,
      "prec": 0.5915492957746479,
      "rec": 0.875,
      "auc": 0.7475961538461539,
      "n_pos": 71,
      "n_total": 100
    },
    "best_threshold": {
      "threshold": 0.19,
      "f1": 0.7166666666666667,
      "prec": 0.5972222222222222,
      "rec": 0.8958333333333334,
      "auc": 0.7475961538461539,
      "n_pos": 72,
      "n_total": 100
    }
  },
  "distilled_v2_baseline": {
    "fixed_threshold_0.25": {
      "threshold": 0.25,
      "f1": 0.8076923076923077,
      "prec": 0.75,
      "rec": 0.875,
      "auc": 0.8221153846153846,
      "n_pos": 56,
      "n_total": 100
    },
    "best_threshold": {
      "threshold": 0.24000000000000005,
      "f1": 0.8076923076923077,
      "prec": 0.75,
      "rec": 0.875,
      "auc": 0.8221153846153846,
      "n_pos": 56,
      "n_total": 100
    }
  },
  "delta_f1_vs_baseline": -0.09102564102564104
}