{
  "multitask": {
    "fixed_threshold_0.25": {
      "threshold": 0.25,
      "f1": 0.819047619047619,
      "prec": 0.7543859649122807,
      "rec": 0.8958333333333334,
      "auc": 0.8794070512820513,
      "n_pos": 57,
      "n_total": 100
    },
    "best_threshold": {
      "threshold": 0.11000000000000001,
      "f1": 0.8623853211009175,
      "prec": 0.7704918032786885,
      "rec": 0.9791666666666666,
      "auc": 0.8794070512820513,
      "n_pos": 61,
      "n_total": 100
    }
  },
  "distilled_v2_baseline": {
    "fixed_threshold_0.25": {
      "threshold": 0.25,
      "f1": 0.8076923076923077,
      "prec": 0.75,
      "rec": 0.875,
      "auc": 0.8221153846153846,
      "n_pos": 56,
      "n_total": 100
    },
    "best_threshold": {
      "threshold": 0.24000000000000005,
      "f1": 0.8076923076923077,
      "prec": 0.75,
      "rec": 0.875,
      "auc": 0.8221153846153846,
      "n_pos": 56,
      "n_total": 100
    }
  },
  "delta_f1_vs_baseline": 0.05469301340860977
}