{
  "multitask": {
    "fixed_threshold_0.25": {
      "threshold": 0.25,
      "f1": 0.8347826086956521,
      "prec": 0.7164179104477612,
      "rec": 1.0,
      "auc": 0.8745993589743589,
      "n_pos": 67,
      "n_total": 100
    },
    "best_threshold": {
      "threshold": 0.5100000000000001,
      "f1": 0.8440366972477065,
      "prec": 0.7540983606557377,
      "rec": 0.9583333333333334,
      "auc": 0.8745993589743589,
      "n_pos": 61,
      "n_total": 100
    }
  }
}