{
  "multitask": {
    "fixed_threshold_0.25": {
      "threshold": 0.25,
      "f1": 0.8,
      "prec": 0.7368421052631579,
      "rec": 0.875,
      "auc": 0.8697916666666667,
      "n_pos": 57,
      "n_total": 100
    },
    "best_threshold": {
      "threshold": 0.37000000000000005,
      "f1": 0.8155339805825242,
      "prec": 0.7636363636363637,
      "rec": 0.875,
      "auc": 0.8697916666666667,
      "n_pos": 55,
      "n_total": 100
    }
  },
  "distilled_v2_baseline": {
    "fixed_threshold_0.25": {
      "threshold": 0.25,
      "f1": 0.8076923076923077,
      "prec": 0.75,
      "rec": 0.875,
      "auc": 0.8221153846153846,
      "n_pos": 56,
      "n_total": 100
    },
    "best_threshold": {
      "threshold": 0.24000000000000005,
      "f1": 0.8076923076923077,
      "prec": 0.75,
      "rec": 0.875,
      "auc": 0.8221153846153846,
      "n_pos": 56,
      "n_total": 100
    }
  },
  "delta_f1_vs_baseline": 0.007841672890216533
}