{
  "multitask": {
    "fixed_threshold_0.25": {
      "threshold": 0.25,
      "f1": 0.8490566037735849,
      "prec": 0.7758620689655172,
      "rec": 0.9375,
      "auc": 0.8713942307692307,
      "n_pos": 58,
      "n_total": 100
    },
    "best_threshold": {
      "threshold": 0.11000000000000001,
      "f1": 0.8518518518518519,
      "prec": 0.7666666666666667,
      "rec": 0.9583333333333334,
      "auc": 0.8713942307692307,
      "n_pos": 60,
      "n_total": 100
    }
  },
  "distilled_v2_baseline": {
    "fixed_threshold_0.25": {
      "threshold": 0.25,
      "f1": 0.8076923076923077,
      "prec": 0.75,
      "rec": 0.875,
      "auc": 0.8221153846153846,
      "n_pos": 56,
      "n_total": 100
    },
    "best_threshold": {
      "threshold": 0.24000000000000005,
      "f1": 0.8076923076923077,
      "prec": 0.75,
      "rec": 0.875,
      "auc": 0.8221153846153846,
      "n_pos": 56,
      "n_total": 100
    }
  },
  "delta_f1_vs_baseline": 0.04415954415954415
}