{
  "multitask": {
    "fixed_threshold_0.25": {
      "threshold": 0.25,
      "f1": 0.8163265306122449,
      "prec": 0.8,
      "rec": 0.8333333333333334,
      "auc": 0.8677884615384616,
      "n_pos": 50,
      "n_total": 100
    },
    "best_threshold": {
      "threshold": 0.14,
      "f1": 0.8235294117647058,
      "prec": 0.7777777777777778,
      "rec": 0.875,
      "auc": 0.8677884615384616,
      "n_pos": 54,
      "n_total": 100
    }
  },
  "distilled_v2_baseline": {
    "fixed_threshold_0.25": {
      "threshold": 0.25,
      "f1": 0.8076923076923077,
      "prec": 0.75,
      "rec": 0.875,
      "auc": 0.8221153846153846,
      "n_pos": 56,
      "n_total": 100
    },
    "best_threshold": {
      "threshold": 0.24000000000000005,
      "f1": 0.8076923076923077,
      "prec": 0.75,
      "rec": 0.875,
      "auc": 0.8221153846153846,
      "n_pos": 56,
      "n_total": 100
    }
  },
  "delta_f1_vs_baseline": 0.015837104072398134
}