{
  "multitask": {
    "fixed_threshold_0.25": {
      "threshold": 0.25,
      "f1": 0.8349514563106796,
      "prec": 0.7818181818181819,
      "rec": 0.8958333333333334,
      "auc": 0.8918269230769231,
      "n_pos": 55,
      "n_total": 100
    },
    "best_threshold": {
      "threshold": 0.8900000000000002,
      "f1": 0.8541666666666666,
      "prec": 0.8541666666666666,
      "rec": 0.8541666666666666,
      "auc": 0.8918269230769231,
      "n_pos": 48,
      "n_total": 100
    }
  },
  "distilled_v2_baseline": {
    "fixed_threshold_0.25": {
      "threshold": 0.25,
      "f1": 0.8076923076923077,
      "prec": 0.75,
      "rec": 0.875,
      "auc": 0.8221153846153846,
      "n_pos": 56,
      "n_total": 100
    },
    "best_threshold": {
      "threshold": 0.24000000000000005,
      "f1": 0.8076923076923077,
      "prec": 0.75,
      "rec": 0.875,
      "auc": 0.8221153846153846,
      "n_pos": 56,
      "n_total": 100
    }
  },
  "delta_f1_vs_baseline": 0.04647435897435892
}