{
  "multitask": {
    "fixed_threshold_0.25": {
      "threshold": 0.25,
      "f1": 0.8,
      "prec": 0.7692307692307693,
      "rec": 0.8333333333333334,
      "auc": 0.8689903846153846,
      "n_pos": 52,
      "n_total": 100
    },
    "best_threshold": {
      "threshold": 0.08000000000000002,
      "f1": 0.8256880733944955,
      "prec": 0.7377049180327869,
      "rec": 0.9375,
      "auc": 0.8689903846153846,
      "n_pos": 61,
      "n_total": 100
    }
  }
}