{
  "multitask": {
    "fixed_threshold_0.25": {
      "threshold": 0.25,
      "f1": 0.7311827956989247,
      "prec": 0.7555555555555555,
      "rec": 0.7083333333333334,
      "auc": 0.781650641025641,
      "n_pos": 45,
      "n_total": 100
    },
    "best_threshold": {
      "threshold": 0.7600000000000002,
      "f1": 0.7555555555555555,
      "prec": 0.8095238095238095,
      "rec": 0.7083333333333334,
      "auc": 0.781650641025641,
      "n_pos": 42,
      "n_total": 100
    }
  },
  "distilled_v2_baseline": {
    "fixed_threshold_0.25": {
      "threshold": 0.25,
      "f1": 0.8076923076923077,
      "prec": 0.75,
      "rec": 0.875,
      "auc": 0.8221153846153846,
      "n_pos": 56,
      "n_total": 100
    },
    "best_threshold": {
      "threshold": 0.24000000000000005,
      "f1": 0.8076923076923077,
      "prec": 0.75,
      "rec": 0.875,
      "auc": 0.8221153846153846,
      "n_pos": 56,
      "n_total": 100
    }
  },
  "delta_f1_vs_baseline": -0.052136752136752174
}