{
  "multitask": {
    "fixed_threshold_0.25": {
      "threshold": 0.25,
      "f1": 0.8148148148148148,
      "prec": 0.7333333333333333,
      "rec": 0.9166666666666666,
      "auc": 0.8717948717948718,
      "n_pos": 60,
      "n_total": 100
    },
    "best_threshold": {
      "threshold": 0.13,
      "f1": 0.8468468468468469,
      "prec": 0.746031746031746,
      "rec": 0.9791666666666666,
      "auc": 0.8717948717948718,
      "n_pos": 63,
      "n_total": 100
    }
  },
  "distilled_v2_baseline": {
    "fixed_threshold_0.25": {
      "threshold": 0.25,
      "f1": 0.8076923076923077,
      "prec": 0.75,
      "rec": 0.875,
      "auc": 0.8221153846153846,
      "n_pos": 56,
      "n_total": 100
    },
    "best_threshold": {
      "threshold": 0.24000000000000005,
      "f1": 0.8076923076923077,
      "prec": 0.75,
      "rec": 0.875,
      "auc": 0.8221153846153846,
      "n_pos": 56,
      "n_total": 100
    }
  },
  "delta_f1_vs_baseline": 0.03915453915453915
}