{
  "multitask": {
    "fixed_threshold_0.25": {
      "threshold": 0.25,
      "f1": 0.8543689320388349,
      "prec": 0.8,
      "rec": 0.9166666666666666,
      "auc": 0.8870192307692307,
      "n_pos": 55,
      "n_total": 100
    },
    "best_threshold": {
      "threshold": 0.13,
      "f1": 0.8679245283018868,
      "prec": 0.7931034482758621,
      "rec": 0.9583333333333334,
      "auc": 0.8870192307692307,
      "n_pos": 58,
      "n_total": 100
    }
  },
  "distilled_v2_baseline": {
    "fixed_threshold_0.25": {
      "threshold": 0.25,
      "f1": 0.8076923076923077,
      "prec": 0.75,
      "rec": 0.875,
      "auc": 0.8221153846153846,
      "n_pos": 56,
      "n_total": 100
    },
    "best_threshold": {
      "threshold": 0.24000000000000005,
      "f1": 0.8076923076923077,
      "prec": 0.75,
      "rec": 0.875,
      "auc": 0.8221153846153846,
      "n_pos": 56,
      "n_total": 100
    }
  },
  "delta_f1_vs_baseline": 0.06023222060957911
}