{
  "multitask": {
    "fixed_threshold_0.25": {
      "threshold": 0.25,
      "f1": 0.8333333333333334,
      "prec": 0.75,
      "rec": 0.9375,
      "auc": 0.8653846153846154,
      "n_pos": 60,
      "n_total": 100
    },
    "best_threshold": {
      "threshold": 0.2,
      "f1": 0.8440366972477065,
      "prec": 0.7540983606557377,
      "rec": 0.9583333333333334,
      "auc": 0.8653846153846154,
      "n_pos": 61,
      "n_total": 100
    }
  },
  "distilled_v2_baseline": {
    "fixed_threshold_0.25": {
      "threshold": 0.25,
      "f1": 0.8076923076923077,
      "prec": 0.75,
      "rec": 0.875,
      "auc": 0.8221153846153846,
      "n_pos": 56,
      "n_total": 100
    },
    "best_threshold": {
      "threshold": 0.24000000000000005,
      "f1": 0.8076923076923077,
      "prec": 0.75,
      "rec": 0.875,
      "auc": 0.8221153846153846,
      "n_pos": 56,
      "n_total": 100
    }
  },
  "delta_f1_vs_baseline": 0.03634438955539876
}