{
  "bert_only": {
    "f1": 0.9423076923076923,
    "prec": 0.9074074074074074,
    "rec": 0.98,
    "thr": 0.8500000000000002
  },
  "t5_only": {
    "f1": 0.9333333333333333,
    "prec": 0.8909090909090909,
    "rec": 0.98,
    "thr": 0.1
  },
  "ensemble_geo": {
    "f1": 0.9504950495049505,
    "prec": 0.9411764705882353,
    "rec": 0.96,
    "thr": 0.8000000000000002
  }
}