{
  "model": "google/flan-t5-base",
  "train_data": "classifier/data/training/v15_teacher/dataset.csv",
  "epochs": 6,
  "zero_shot": {
    "ep_test": {
      "f1": 0.7022900763358778,
      "precision": 0.5542168674698795,
      "recall": 0.9583333333333334,
      "threshold": 0.4,
      "confusion_matrix": [
        [
          15,
          37
        ],
        [
          2,
          46
        ]
      ],
      "probabilities": [
        0.4765082895755768,
        0.5382289290428162,
        0.5606920719146729,
        0.5053683519363403,
        0.4137547016143799,
        0.7521372437477112,
        0.34559041261672974,
        0.5573801398277283,
        0.4756108224391937,
        0.5947615504264832,
        0.8040785193443298,
        0.48673227429389954,
        0.5692346096038818,
        0.4715975224971771,
        0.4149499237537384,
        0.06170650199055672,
        0.5594844222068787,
        0.5608500838279724,
        0.5585954189300537,
        0.8125531077384949,
        0.6592118740081787,
        0.447021484375,
        0.591225266456604,
        0.46976739168167114,
        0.5774062275886536,
        0.5555673837661743,
        0.7190414667129517,
        0.2560287117958069,
        0.4961072504520416,
        0.4423123896121979,
        0.4317452907562256,
        0.5415310859680176,
        0.5418945550918579,
        0.5637723207473755,
        0.4534359574317932,
        0.6988728642463684,
        0.3033924400806427,
        0.508017361164093,
        0.5054513812065125,
        0.6223386526107788,
        0.42090731859207153,
        0.605505108833313,
        0.28149163722991943,
        0.2962912321090698,
        0.6510377526283264,
        0.3897901773452759,
        0.452193021774292,
        0.5342573523521423,
        0.7718830108642578,
        0.583285391330719,
        0.536385178565979,
        0.6294280290603638,
        0.8040787577629089,
        0.08042344450950623,
        0.425252228975296,
        0.5348300933837891,
        0.5040394067764282,
        0.5721264481544495,
        0.6519498825073242,
        0.4899732172489166,
        0.5618914365768433,
        0.5637457966804504,
        0.7522884607315063,
        0.3529464900493622,
        0.5515886545181274,
        0.508876383304596,
        0.6016021370887756,
        0.39262357354164124,
        0.5919458866119385,
        0.3689935505390167,
        0.4552235007286072,
        0.5659912824630737,
        0.6138842701911926,
        0.3470911681652069,
        0.27395299077033997,
        0.6410229206085205,
        0.5757683515548706,
        0.2968537211418152,
        0.08928216993808746,
        0.4536483883857727,
        0.5587894320487976,
        0.6922035217285156,
        0.5430607199668884,
        0.7099602818489075,
        0.6099435091018677,
        0.47845473885536194,
        0.5492386221885681,
        0.5346924066543579,
        0.8006322979927063,
        0.3049349784851074,
        0.5795177817344666,
        0.4834806025028229,
        0.44563066959381104,
        0.6863607168197632,
        0.5673499703407288,
        0.1645800769329071,
        0.5912306308746338,
        0.7080752849578857,
        0.5077163577079773,
        0.4348636567592621
      ]
    },
    "eval_100": {
      "f1": 0.5081967213114754,
      "precision": 0.34065934065934067,
      "recall": 1.0,
      "threshold": 0.30000000000000004,
      "confusion_matrix": [
        [
          9,
          60
        ],
        [
          0,
          31
        ]
      ],
      "probabilities": [
        0.40694692730903625,
        0.23819875717163086,
        0.5248512625694275,
        0.6628454923629761,
        0.475612998008728,
        0.6268867254257202,
        0.09313742816448212,
        0.2579960823059082,
        0.3601478040218353,
        0.3159058094024658,
        0.27917948365211487,
        0.5454416871070862,
        0.36321279406547546,
        0.5825434327125549,
        0.36732354760169983,
        0.6282747983932495,
        0.4156980514526367,
        0.36078977584838867,
        0.4120542109012604,
        0.6560187339782715,
        0.4885271191596985,
        0.5725892186164856,
        0.42170605063438416,
        0.3714793622493744,
        0.39459410309791565,
        0.4042377769947052,
        0.6398821473121643,
        0.1493455022573471,
        0.6264091730117798,
        0.31887322664260864,
        0.4661938548088074,
        0.40298861265182495,
        0.5374315977096558,
        0.5356040000915527,
        0.39380115270614624,
        0.1461658477783203,
        0.44413912296295166,
        0.5438359379768372,
        0.37698349356651306,
        0.4725070595741272,
        0.6636074185371399,
        0.6895010471343994,
        0.30547696352005005,
        0.38942015171051025,
        0.44185957312583923,
        0.5640909671783447,
        0.42765742540359497,
        0.4839000403881073,
        0.30512169003486633,
        0.5213947296142578,
        0.6337625980377197,
        0.46586018800735474,
        0.6846660375595093,
        0.39852118492126465,
        0.8078410029411316,
        0.5623897910118103,
        0.5038726925849915,
        0.4581492841243744,
        0.35275623202323914,
        0.6292372345924377,
        0.23500020802021027,
        0.5001991987228394,
        0.4391404986381531,
        0.562157392501831,
        0.4221228063106537,
        0.4933409094810486,
        0.6445527076721191,
        0.4696950316429138,
        0.5977372527122498,
        0.7359908819198608,
        0.5098994970321655,
        0.3246518075466156,
        0.4068867862224579,
        0.38402077555656433,
        0.43993252515792847,
        0.3297734260559082,
        0.5272678136825562,
        0.2927125096321106,
        0.32385897636413574,
        0.3846554458141327,
        0.41294026374816895,
        0.5470334887504578,
        0.3554750382900238,
        0.3099963665008545,
        0.22593213617801666,
        0.4388311505317688,
        0.34404274821281433,
        0.42440101504325867,
        0.5361725091934204,
        0.44166600704193115,
        0.7381526827812195,
        0.5481622815132141,
        0.36350101232528687,
        0.46920761466026306,
        0.544600248336792,
        0.3501613140106201,
        0.5729805827140808,
        0.550203800201416,
        0.49354493618011475,
        0.5430285334587097
      ]
    }
  },
  "cv_summary": {
    "avg_ep_f1": 0.6277191603430379,
    "avg_ep_precision": 0.6154337290471745,
    "avg_ep_recall": 0.6416666666666667,
    "best_ep_f1": 0.6666666666666666,
    "fold_results": [
      {
        "fold": 1,
        "val_f1": 0.9192917912163716,
        "ep_f1": 0.6185567010309279,
        "ep_precision": 0.6122448979591837,
        "ep_recall": 0.625
      },
      {
        "fold": 2,
        "val_f1": 0.9275830258302583,
        "ep_f1": 0.6666666666666666,
        "ep_precision": 0.6470588235294118,
        "ep_recall": 0.6875
      },
      {
        "fold": 3,
        "val_f1": 0.9278635630329569,
        "ep_f1": 0.6060606060606061,
        "ep_precision": 0.5882352941176471,
        "ep_recall": 0.625
      },
      {
        "fold": 4,
        "val_f1": 0.9240037071362373,
        "ep_f1": 0.5806451612903226,
        "ep_precision": 0.6,
        "ep_recall": 0.5625
      },
      {
        "fold": 5,
        "val_f1": 0.9269087523277467,
        "ep_f1": 0.6666666666666666,
        "ep_precision": 0.6296296296296297,
        "ep_recall": 0.7083333333333334
      }
    ]
  },
  "final_ep_test": {
    "f1": 0.6666666666666666,
    "precision": 0.6470588235294118,
    "recall": 0.6875,
    "threshold": 0.4,
    "confusion_matrix": [
      [
        34,
        18
      ],
      [
        15,
        33
      ]
    ],