{
  "mt_basic_a05": {
    "ep_relax": {
      "f1_fixed": 0.8076923076923077,
      "prec_fixed": 0.75,
      "rec_fixed": 0.875,
      "f1_best": 0.8411214953271028,
      "best_t": 0.09000000000000001,
      "auc": 0.8713942307692308
    },
    "synth_gold": {
      "f1_fixed": 0.912621359223301,
      "prec_fixed": 0.8867924528301887,
      "rec_fixed": 0.94,
      "f1_best": 0.9215686274509803,
      "best_t": 0.6300000000000001,
      "auc": 0.966,
      "per_type": {}
    }
  },
  "mt_full_a03": {
    "ep_relax": {
      "f1_fixed": 0.8349514563106796,
      "prec_fixed": 0.7818181818181819,
      "rec_fixed": 0.8958333333333334,
      "f1_best": 0.8541666666666666,
      "best_t": 0.8900000000000002,
      "auc": 0.8918269230769231
    },
    "synth_gold": {
      "f1_fixed": 0.897196261682243,
      "prec_fixed": 0.8421052631578947,
      "rec_fixed": 0.96,
      "f1_best": 0.9320388349514563,
      "best_t": 0.7700000000000002,
      "auc": 0.9635999999999999,
      "per_type": {}
    }
  },
  "mt_full_a05": {
    "ep_relax": {
      "f1_fixed": 0.8269230769230769,
      "prec_fixed": 0.7678571428571429,
      "rec_fixed": 0.8958333333333334,
      "f1_best": 0.8411214953271028,
      "best_t": 0.18000000000000005,
      "auc": 0.8717948717948718
    },
    "synth_gold": {
      "f1_fixed": 0.9333333333333333,
      "prec_fixed": 0.8909090909090909,
      "rec_fixed": 0.98,
      "f1_best": 0.9607843137254902,
      "best_t": 0.5600000000000002,
      "auc": 0.9836,
      "per_type": {}
    }
  },
  "mt_full_a05_ner2": {
    "ep_relax": {
      "f1_fixed": 0.8163265306122449,
      "prec_fixed": 0.8,
      "rec_fixed": 0.8333333333333334,
      "f1_best": 0.8235294117647058,
      "best_t": 0.14,
      "auc": 0.8677884615384616
    },
    "synth_gold": {
      "f1_fixed": 0.9019607843137255,
      "prec_fixed": 0.8846153846153846,
      "rec_fixed": 0.92,
      "f1_best": 0.92,
      "best_t": 0.49000000000000005,
      "auc": 0.9624,
      "per_type": {}
    }
  },
  "mt_full_a07": {
    "ep_relax": {
      "f1_fixed": 0.8333333333333334,
      "prec_fixed": 0.75,
      "rec_fixed": 0.9375,
      "f1_best": 0.8440366972477065,
      "best_t": 0.2,
      "auc": 0.8653846153846154
    },
    "synth_gold": {
      "f1_fixed": 0.9215686274509803,
      "prec_fixed": 0.9038461538461539,
      "rec_fixed": 0.94,
      "f1_best": 0.9320388349514563,
      "best_t": 0.14,
      "auc": 0.9732000000000001,
      "per_type": {}
    }
  },
  "mt_full_typed_a03": {
    "ep_relax": {
      "f1_fixed": 0.8076923076923077,
      "prec_fixed": 0.75,
      "rec_fixed": 0.875,
      "f1_best": 0.8411214953271028,
      "best_t": 0.07,
      "auc": 0.8649839743589745
    },
    "synth_gold": {
      "f1_fixed": 0.9019607843137255,
      "prec_fixed": 0.8846153846153846,
      "rec_fixed": 0.92,
      "f1_best": 0.92,
      "best_t": 0.38000000000000006,
      "auc": 0.97,
      "per_type": {}
    }
  },
  "mt_full_typed_a03_ner2": {
    "ep_relax": {
      "f1_fixed": 0.8235294117647058,
      "prec_fixed": 0.7777777777777778,
      "rec_fixed": 0.875,
      "f1_best": 0.8301886792452831,
      "best_t": 0.1,
      "auc": 0.8850160256410257
    },
    "synth_gold": {
      "f1_fixed": 0.8910891089108911,
      "prec_fixed": 0.8823529411764706,
      "rec_fixed": 0.9,
      "f1_best": 0.9019607843137255,
      "best_t": 0.09000000000000001,
      "auc": 0.9511999999999999,
      "per_type": {}
    }
  },
  "mt_full_typed_a05": {
    "ep_relax": {
      "f1_fixed": 0.8148148148148148,
      "prec_fixed": 0.7333333333333333,
      "rec_fixed": 0.9166666666666666,
      "f1_best": 0.8468468468468469,
      "best_t": 0.13,
      "auc": 0.8717948717948718
    },
    "synth_gold": {
      "f1_fixed": 0.9215686274509803,
      "prec_fixed": 0.9038461538461539,
      "rec_fixed": 0.94,
      "f1_best": 0.9215686274509803,
      "best_t": 0.19,
      "auc": 0.9632000000000001,
      "per_type": {}
    }
  },
  "mt_full_typed_a05_ner2": {
    "ep_relax": {
      "f1_fixed": 0.8543689320388349,
      "prec_fixed": 0.8,
      "rec_fixed": 0.9166666666666666,
      "f1_best": 0.8679245283018868,
      "best_t": 0.13,
      "auc": 0.8870192307692307
    },
    "synth_gold": {
      "f1_fixed": 0.8932038834951457,
      "prec_fixed": 0.8679245283018868,
      "rec_fixed": 0.92,
      "f1_best": 0.9019607843137255,
      "best_t": 0.28,
      "auc": 0.958,
      "per_type": {}
    }
  },
  "mt_typed_a05": {
    "ep_relax": {
      "f1_fixed": 0.8490566037735849,
      "prec_fixed": 0.7758620689655172,
      "rec_fixed": 0.9375,
      "f1_best": 0.8518518518518519,
      "best_t": 0.11000000000000001,
      "auc": 0.8713942307692307
    },
    "synth_gold": {
      "f1_fixed": 0.9108910891089109,
      "prec_fixed": 0.9019607843137255,
      "rec_fixed": 0.92,
      "f1_best": 0.9108910891089109,
      "best_t": 0.24000000000000005,
      "auc": 0.9652000000000001,
      "per_type": {}
    }
  },
  "distilled_BiomedBERT_v1": {
    "ep_relax": {
      "f1_fixed": 0.7479674796747967,
      "prec_fixed": 0.6133333333333333,
      "rec_fixed": 0.9583333333333334,
      "f1_best": 0.7850467289719626,
      "best_t": 0.35000000000000003,
      "auc": 0.8393429487179487
    },
    "synth_gold": {
      "f1_fixed": 0.8547008547008547,
      "prec_fixed": 0.746268656716418,
      "rec_fixed": 1.0,
      "f1_best": 0.9484536082474226,
      "best_t": 0.6400000000000001,
      "auc": 0.9872,
      "per_type": {}
    }
  },
  "distilled_BiomedBERT_v2": {
    "ep_relax": {
      "f1_fixed": 0.8076923076923077,
      "prec_fixed": 0.75,
      "rec_fixed": 0.875,
      "f1_best": 0.8076923076923077,
      "best_t": 0.24000000000000005,
      "auc": 0.8221153846153846
    },
    "synth_gold": {
      "f1_fixed": 0.9174311926605505,
      "prec_fixed": 0.847457627118644,
      "rec_fixed": 1.0,
      "f1_best": 0.9591836734693877,
      "best_t": 0.6700000000000002,
      "auc": 0.99,
      "per_type": {}
    }
  },
  "distilled_BiomedBERT_v2_finetuned": {
    "ep_relax": {
      "f1_fixed": 0.6,
      "prec_fixed": 0.75,
      "rec_fixed": 0.5,
      "f1_best": 0.6590909090909091,
      "best_t": 0.05,
      "auc": 0.828525641025641
    },
    "synth_gold": {
      "f1_fixed": 0.9090909090909091,
      "prec_fixed": 0.8333333333333334,
      "rec_fixed": 1.0,
      "f1_best": 0.9345794392523364,
      "best_t": 0.8100000000000002,
      "auc": 0.9916,
      "per_type": {}
    }
  },
  "distilled_BiomedBERT_v3": {
    "ep_relax": {
      "f1_fixed": 0.6575342465753424,
      "prec_fixed": 0.4897959183673469,
      "rec_fixed": 1.0,
      "f1_best": 0.8113207547169812,
      "best_t": 0.36000000000000004,
      "auc": 0.8425480769230769
    },
    "synth_gold": {
      "f1_fixed": 0.7575757575757576,
      "prec_fixed": 0.6097560975609756,
      "rec_fixed": 1.0,
      "f1_best": 0.9245283018867925,
      "best_t": 0.36000000000000004,
      "auc": 0.9784,
      "per_type": {}
    }
  },
  "distilled_BiomedBERT_v6": {
    "ep_relax": {
      "f1_fixed": 0.7722772277227723,
      "prec_fixed": 0.7358490566037735,
      "rec_fixed": 0.8125,
      "f1_best": 0.7962962962962963,
      "best_t": 0.21000000000000002,
      "auc": 0.8157051282051282
    },
    "synth_gold": {
      "f1_fixed": 0.9009009009009009,
      "prec_fixed": 0.819672131147541,
      "rec_fixed": 1.0,
      "f1_best": 0.9591836734693877,
      "best_t": 0.6900000000000002,
      "auc": 0.9816,
      "per_type": {}
    }
  },
  "distilled_DistilBERT_v4": {
    "ep_relax": {
      "f1_fixed": 0.7924528301886793,
      "prec_fixed": 0.7241379310344828,
      "rec_fixed": 0.875,
      "f1_best": 0.8076923076923077,
      "best_t": 0.26000000000000006,
      "auc": 0.7784455128205128
    },
    "synth_gold": {
      "f1_fixed": 0.8928571428571429,
      "prec_fixed": 0.8064516129032258,
      "rec_fixed": 1.0,
      "f1_best": 0.9514563106796117,
      "best_t": 0.5300000000000001,
      "auc": 0.9752,