Model,Threshold,Precision,Recall,F1,Accuracy,Samples_per_sec
Ensemble (Precision-Opt),0.9442626953125,0.9907407407407407,0.0107,0.021171349426197073,0.5026891178688112,722.0354122330106
Ensemble (F1-Opt),0.389886474609375,0.8640147200560764,0.9861,0.9210292812777284,0.9150037697914049,702.8690171756562
