Threshold_Type,Threshold,Precision,Recall,F1,Accuracy
F1-Optimized,0.389886474609375,0.5,0.43478260869565216,0.46511627906976744,0.77
Precision-Optimized,0.9442626953125,0.0,0.0,0.0,0.77
Default,0.5,0.5,0.391304347826087,0.43902439024390244,0.77
